Autauga| AL
Baldwin| AL
Barbour| AL
Bibb| AL
Blount| AL
Bullock| AL
Butler| AL
Calhoun| AL
Chambers| AL
Cherokee| AL
Chilton| AL
Choctaw| AL
Clarke| AL
Clay| AL
Cleburne| AL
Coffee| AL
Colbert| AL
Conecuh| AL
Coosa| AL
Covington| AL
Crenshaw| AL
Cullman| AL
Dale| AL
Dallas| AL
DeKalb| AL
Elmore| AL
Escambia| AL
Etowah| AL
Fayette| AL
Franklin| AL
Geneva| AL
Greene| AL
Hale| AL
Henry| AL
Houston| AL
Jackson| AL
Jefferson| AL
Lamar| AL
Lauderdale| AL
Lawrence| AL
Lee| AL
Limestone| AL
Lowndes| AL
Macon| AL
Madison| AL
Marengo| AL
Marion| AL
Marshall| AL
Mobile| AL
Monroe| AL
Montgomery| AL
Morgan| AL
Perry| AL
Pickens| AL
Pike| AL
Randolph| AL
Russell| AL
St. Clair| AL
Shelby| AL
Sumter| AL
Talladega| AL
Tallapoosa| AL
Tuscaloosa| AL
Walker| AL
Washington| AL
Wilcox| AL
Winston| AL
Apache| AZ
Cochise| AZ
Coconino| AZ
Gila| AZ
Graham| AZ
Greenlee| AZ
La Paz| AZ
Maricopa| AZ
Mohave| AZ
Navajo| AZ
Pima| AZ
Pinal| AZ
Santa Cruz| AZ
Yavapai| AZ
Yuma| AZ
AR| AR
Ashley| AR
Baxter| AR
Benton| AR
Boone| AR
Bradley| AR
Calhoun| AR
Carroll| AR
Chicot| AR
Clark| AR
Clay| AR
Cleburne| AR
Cleveland| AR
Columbia| AR
Conway| AR
Craighead| AR
Crawford| AR
Crittenden| AR
